{
    "intrinsics": {
        "fx": 909.6648559570312,
        "fy": 909.5330200195312,
        "cx": 636.739013671875,
        "cy": 376.3500061035156
    },
    "extrinsics": {
        "translation": [0.32508802, 0.02826776, 0.65804681],
        "quaternion": [-0.70315987, 0.71022054, -0.02642658, 0.02132171]
    },
    "depth_scale": 0.001,
    "max_range_m": 3.0,
    "min_range_m": 0.02
}
